Date,Time,Global_active_power,Sub_metering_1,Sub_metering_2,Sub_metering_3
01/01/2023,00:00:00,0.41091298907080875,1.8066349567990647,2.890806245526247,0.09632533808405064
01/01/2023,00:01:00,0.34432590456424483,5.521613513792525,0.9805152785742299,2.420656031646594
01/01/2023,00:02:00,0.5857837214405164,2.2468360769518902,2.6687316354292427,3.6073379939802623
01/01/2023,00:03:00,0.8631386554543238,2.69775342707935,0.7687121285444348,3.777017854861571
01/01/2023,00:04:00,0.49751844538018786,4.982146395504564,0.16141663791062522,0.12028705902430714
01/01/2023,00:05:00,0.3888992771427165,6.945143310784828,4.283315719359282,4.237961122952274
01/01/2023,00:06:00,0.4725223847037161,9.574694556291824,4.838443799226763,2.5556259225252393
01/01/2023,00:07:00,0.5491024782820761,7.058579417071362,3.3315450975241245,3.610137053602072
01/01/2023,00:08:00,0.5299878118998528,5.891975651607919,2.4149231910458475,4.23966940454218
01/01/2023,00:09:00,0.20237003752978283,3.162347676592445,4.129959031056769,3.099414446468563
01/01/2023,00:10:00,0.9625790332214771,9.195493289754484,0.8739771438008348,1.1256696710911744
01/01/2023,00:11:00,0.5725868442295005,6.970171996807646,0.9094393754683461,3.859756784051138
01/01/2023,00:12:00,0.26579965175281367,1.7220681935764015,2.891404258933566,0.7836704767114144
01/01/2023,00:13:00,0.31332764935795815,6.296197992846027,0.7680715595859444,2.248802598922265
01/01/2023,00:14:00,0.20838812271115073,5.299637960467672,0.1271927441913029,2.0062857275264045
01/01/2023,00:15:00,0.8652804792080873,2.162414972956758,4.193565369909579,1.2287523252926724
01/01/2023,00:16:00,0.8836946416329898,5.023199354516681,4.209266149874935,2.2377361507291633
01/01/2023,00:17:00,0.6616074444390415,7.313260397892407,1.0586042440603782,2.397723708168409
01/01/2023,00:18:00,0.2211072086010762,4.606082021237175,2.229747894546132,4.55777671195544
01/01/2023,00:19:00,0.9313935670036894,2.9233755072816603,2.4173590003731977,3.434244028826048
01/01/2023,00:20:00,0.3856160178285598,2.6415390908349945,0.4787248160369323,2.2932668630405484
01/01/2023,00:21:00,0.45583574635359564,7.511179676082207,3.8093160907574397,4.886323227324182
01/01/2023,00:22:00,0.5834070190481832,7.740868374514513,4.976552229939678,4.989872781779031
01/01/2023,00:23:00,0.32597175442791304,2.769986633058953,2.851064217833981,0.9038802813791363
01/01/2023,00:24:00,0.7054201986489317,4.500046249064237,4.701402414018218,3.3886300962820766
01/01/2023,00:25:00,0.2195779237416855,1.1704522313747046,3.2603562535010595,1.069339094730151
01/01/2023,00:26:00,0.4286651785244877,4.011702529789315,1.3097542283202896,0.024509951314815592
01/01/2023,00:27:00,0.2988441286524312,3.6004434723189807,1.3556914383676988,4.774049313587943
01/01/2023,00:28:00,0.5273851676769781,3.856162833092216,0.9829658394328694,0.3060486574168142
01/01/2023,00:29:00,0.4827940758501401,4.626506310800025,0.8899738862726059,3.067164950446824
01/01/2023,00:30:00,0.5838695088971926,2.2208351252202774,2.6155184101036943,3.64971709151769
01/01/2023,00:31:00,0.8704299804792505,2.185702076578595,2.7845818426942452,1.948662467914914
01/01/2023,00:32:00,0.7297668689662836,9.605663791205334,4.024898401366604,2.5344070600801367
01/01/2023,00:33:00,0.23128642772690178,1.214647757869689,0.36208106144018704,2.5664592342459667
01/01/2023,00:34:00,0.9486175572707065,4.148879958870361,1.309559069989688,4.709969287805518
01/01/2023,00:35:00,0.494869935470643,1.5951560690119793,0.49012279126346037,4.1600841400833035
01/01/2023,00:36:00,0.8402954847259401,8.691803938552917,0.30806872897851056,0.6260741499801226
01/01/2023,00:37:00,0.6416233796371501,3.3131162444104856,1.2367721526285869,2.155604791073559
01/01/2023,00:38:00,0.48637032275576175,1.9701715101352169,2.848560249894991,3.9517688206952206
01/01/2023,00:39:00,0.3963105614765954,8.511948199134823,4.601479618521778,4.156553062469882
01/01/2023,00:40:00,0.331508985135228,3.366968649889003,2.308109139138483,3.8717071903449085
01/01/2023,00:41:00,0.6439378081149776,0.03790380296029183,0.8307527306458806,1.6490453356503694
01/01/2023,00:42:00,0.5022659549771288,7.284010628899109,0.4245241885013107,0.3133686054434459
01/01/2023,00:43:00,0.902076326914026,9.754641217145593,3.894629305597369,3.8243698185547292
01/01/2023,00:44:00,0.4334047919608224,5.666435067498739,1.7757330018937934,1.5615668696706164
01/01/2023,00:45:00,0.30035077942105803,5.1098319545886906,2.769895993690261,0.5725533469517763
01/01/2023,00:46:00,0.834771517534944,9.250641258152559,1.2981480049583194,1.4526210639857384
01/01/2023,00:47:00,0.6041992821891246,0.9909237148032901,3.9534978072320297,0.2513537680743466
01/01/2023,00:48:00,0.9400675995850782,0.0626276207622034,0.22086625318051778,0.7349714247385658
01/01/2023,00:49:00,0.6370898505347544,1.4570091829765375,0.34527356990570024,1.7046335712454246
01/01/2023,00:50:00,0.6233602215815194,9.430300299963875,4.03484072642983,4.902587997134319
01/01/2023,00:51:00,0.41382531211715917,9.173862348919272,1.5972698724910528,4.9793820754204425
01/01/2023,00:52:00,0.9457231157250693,2.962182449834118,3.066833996930397,1.4495160108416638
01/01/2023,00:53:00,0.9500266090249048,3.7424764177281022,1.3901773909653063,1.4146422724537322
01/01/2023,00:54:00,0.3609070880914222,7.643318214095874,0.15654458129971516,3.173244432382756
01/01/2023,00:55:00,0.4077949355992357,9.718512391022433,0.6575244354109983,4.593772405157935
01/01/2023,00:56:00,0.20721124324415482,3.7980260946406452,4.460076980572187,3.4901850553467346
01/01/2023,00:57:00,0.9835868961908297,0.4748181166164833,3.9391677720007197,4.516231575396073
01/01/2023,00:58:00,0.7382781130996797,4.054310729290438,3.2573251893121613,2.363073882972383
01/01/2023,00:59:00,0.5949367540890809,6.085433418778129,3.1818030272412825,3.5888862958084236
01/01/2023,01:00:00,0.4775287244796889,4.1481433094086375,4.3866028855946135,4.787794715269522
01/01/2023,01:01:00,0.5487368948146766,5.1838162142326,3.9859227822042187,2.399399800808043
01/01/2023,01:02:00,0.896645313349755,1.8285433174577792,0.9514525923809763,0.2237836918372954
01/01/2023,01:03:00,0.3768018814392611,3.5220115349941006,1.5403704334314878,4.717067272556342
01/01/2023,01:04:00,0.7418280108595641,8.960359631722213,1.9723580101731575,2.5463209368624975
01/01/2023,01:05:00,0.4369636240234632,2.5559633260174976,4.246633381335692,3.7891824613613023
01/01/2023,01:06:00,0.45623913540156064,5.669384919086821,2.7792548267920942,0.7644809345518139
01/01/2023,01:07:00,0.43028339340682653,4.696631401985152,3.083589560301174,4.654079119429486
01/01/2023,01:08:00,0.4037179908103996,2.1985206358555476,4.372745359587205,1.289970388143662
01/01/2023,01:09:00,0.6597945544812746,4.86312959594836,1.3926525085526387,0.3542416011490118
01/01/2023,01:10:00,0.5219854796476625,7.294491535383351,3.790981084406705,1.6757053191260436
01/01/2023,01:11:00,0.6957546699595982,3.6222581550464583,0.7984304002368398,2.1588726357659267
01/01/2023,01:12:00,0.7812275485958717,7.445611053745403,1.0890834858574305,1.0941431317505124
01/01/2023,01:13:00,0.9087145827139941,0.5777110341641944,3.0190389089689544,0.0974790391846142
01/01/2023,01:14:00,0.4096713734400641,9.447429612587484,4.02159109293473,3.291496268279438
01/01/2023,01:15:00,0.8794114737797152,3.7806337174700033,2.088036147986455,4.69470319525031
01/01/2023,01:16:00,0.5029662548532092,7.779898887685914,0.8629980780518776,1.9172756013481846
01/01/2023,01:17:00,0.21716739709546076,2.939811122066037,3.1601341197551247,4.009825174147936
01/01/2023,01:18:00,0.45951119852996236,7.628847442557798,3.843013399470397,2.259967663032298
01/01/2023,01:19:00,0.5745784743455545,3.7580144255552717,1.499143681790747,4.400282105753504
01/01/2023,01:20:00,0.6159959721449277,9.737787724482777,1.7800585601693764,4.563810061914769
01/01/2023,01:21:00,0.6765277289028655,0.03279440684946788,2.443737870295038,3.7726428749985557
01/01/2023,01:22:00,0.5897778393213214,1.0911129748933235,3.954311135074528,0.5736897568963456
01/01/2023,01:23:00,0.5355527891736153,2.091471602080295,4.091010995132605,0.30284683747048124
01/01/2023,01:24:00,0.9547284573056705,0.6047634098220522,4.1268180439090125,0.8716164458877174
01/01/2023,01:25:00,0.9114366663152113,9.724393556230515,3.12077157976181,0.3361500498787767
01/01/2023,01:26:00,0.5979830334385232,6.359354246160166,4.708706676244627,1.977310429745145
01/01/2023,01:27:00,0.44169133716941555,7.198871152117837,0.3435940947038668,0.3144494041172019
01/01/2023,01:28:00,0.31755261183142763,1.9076641477468526,2.6194056878054295,2.238946284965053
01/01/2023,01:29:00,0.3369759674687651,0.2983929337490865,0.11378966618184327,2.8295182102179957
01/01/2023,01:30:00,0.953146765628039,5.572011865344303,1.8986792681814597,2.4290827508168884
01/01/2023,01:31:00,0.8844641471225173,0.05536270080221062,1.7485854792772622,1.923952410868504
01/01/2023,01:32:00,0.7013645056065894,1.702213885711923,1.6882704824353745,1.7172780180101355
01/01/2023,01:33:00,0.5207990609678985,4.456367186721035,4.697399450273903,4.758952212396233
01/01/2023,01:34:00,0.21723081021782537,4.931418804375588,2.3051567524930343,1.191523544480166
01/01/2023,01:35:00,0.3853329191023595,6.550428001774652,2.8205037573374336,3.3751560288935205
01/01/2023,01:36:00,0.3415125561626116,5.224135255256357,1.92725779522327,4.410679755659887
01/01/2023,01:37:00,0.21093690032524073,0.012685798422452654,0.781384053154961,2.12822679258835
01/01/2023,01:38:00,0.9920147392971325,9.584959052869058,4.372737608418857,4.164319839198728
01/01/2023,01:39:00,0.6563439249877996,2.182124998992702,4.085907563760292,1.6802586411725895
